{
    "foreground_intensity_properties_per_channel": {
        "0": {
            "max": 165.0,
            "mean": 73.39568328857422,
            "median": 54.0,
            "min": 0.0,
            "percentile_00_5": 0.0,
            "percentile_99_5": 157.0,
            "std": 42.40087127685547
        }
    },
    "median_relative_size_after_cropping": 0.728515625,
    "shapes_after_crop": [
        [
            1,
            373,
            512
        ]
    ],
    "spacings": [
        [
            999,
            1,
            1
        ]
    ]
}