{
    "input_folder": {
        "foreground_mean": {
            "Dice": 0.973486131135,
            "FN": 829.2353951890035,
            "FP": 848.0154639175258,
            "IoU": 0.9488203859739833,
            "TN": 225505.64948453606,
            "TP": 34961.099656357386,
            "n_pred": 35809.11512027492,
            "n_ref": 35790.33505154639
        },
        "mean": {
            "1": {
                "Dice": 0.9810569893177175,
                "FN": 523.1340206185567,
                "FP": 525.159793814433,
                "IoU": 0.962937880590657,
                "TN": 230420.87113402062,
                "TP": 30674.835051546394,
                "n_pred": 31199.994845360823,
                "n_ref": 31197.96907216495
            },
            "2": {
                "Dice": 0.9833496389683173,
                "FN": 712.0876288659794,
                "FP": 816.5567010309278,
                "IoU": 0.9673445004995138,
                "TN": 214020.20103092783,
                "TP": 46595.154639175256,
                "n_pred": 47411.71134020619,
                "n_ref": 47307.242268041235
            },
            "3": {
                "Dice": 0.9560517651189653,
                "FN": 1252.4845360824743,
                "FP": 1202.3298969072166,
                "IoU": 0.9161787768317792,
                "TN": 232075.87628865978,
                "TP": 27613.309278350516,
                "n_pred": 28815.639175257733,
                "n_ref": 28865.79381443299
            }
        }
    },
    "postprocessed": {
        "foreground_mean": {
            "Dice": 0.973486131135,
            "FN": 829.2353951890035,
            "FP": 848.0154639175258,
            "IoU": 0.9488203859739833,
            "TN": 225505.64948453606,
            "TP": 34961.099656357386,
            "n_pred": 35809.11512027492,
            "n_ref": 35790.33505154639
        },
        "mean": {
            "1": {
                "Dice": 0.9810569893177175,
                "FN": 523.1340206185567,
                "FP": 525.159793814433,
                "IoU": 0.962937880590657,
                "TN": 230420.87113402062,
                "TP": 30674.835051546394,
                "n_pred": 31199.994845360823,
                "n_ref": 31197.96907216495
            },
            "2": {
                "Dice": 0.9833496389683173,
                "FN": 712.0876288659794,
                "FP": 816.5567010309278,
                "IoU": 0.9673445004995138,
                "TN": 214020.20103092783,
                "TP": 46595.154639175256,
                "n_pred": 47411.71134020619,
                "n_ref": 47307.242268041235
            },
            "3": {
                "Dice": 0.9560517651189653,
                "FN": 1252.4845360824743,
                "FP": 1202.3298969072166,
                "IoU": 0.9161787768317792,
                "TN": 232075.87628865978,
                "TP": 27613.309278350516,
                "n_pred": 28815.639175257733,
                "n_ref": 28865.79381443299
            }
        }
    },
    "postprocessing_fns": [],
    "postprocessing_kwargs": []
}